date,temperature_1,rainfall_1,humidity_1,soil_moisture_1,temperature_2,rainfall_2,humidity_2,soil_moisture_2,temperature_3,rainfall_3,humidity_3,soil_moisture_3,temperature_4,rainfall_4,humidity_4,soil_moisture_4,temperature_5,rainfall_5,humidity_5,soil_moisture_5,temperature_6,rainfall_6,humidity_6,soil_moisture_6,temperature_7,rainfall_7,humidity_7,soil_moisture_7,temperature_8,rainfall_8,humidity_8,soil_moisture_8,temperature_9,rainfall_9,humidity_9,soil_moisture_9,temperature_10,rainfall_10,humidity_10,soil_moisture_10,temperature_11,rainfall_11,humidity_11,soil_moisture_11,temperature_12,rainfall_12,humidity_12,soil_moisture_12,apple_image,blueberry_image,cherry_image,corn_image,gatekeeper_image,grape_image,orange_image,peach_image,pepper_image,potato_image,raspberry_image,soybean_image,strawberry_image,tomato_image,yield
2026-01-01,21.4,84.0,46.8,55.14,15.9,107.0,53.8,60.57,19.4,130.0,60.8,66.0,22.9,153.0,67.8,71.43,17.4,176.0,74.8,76.86,20.9,199.0,38.8,71.54,24.4,72.0,45.8,52.97,18.9,95.0,52.8,58.4,22.4,118.0,59.8,63.83,25.9,141.0,66.8,69.26,20.4,164.0,73.8,74.69,23.9,187.0,37.8,69.37,apple_001.jpg,blueberry_001.jpg,cherry_001.jpg,corn_001.jpg,gatekeeper_001.jpg,grape_001.jpg,orange_001.jpg,peach_001.jpg,pepper_001.jpg,potato_001.jpg,raspberry_001.jpg,soybean_001.jpg,strawberry_001.jpg,tomato_001.jpg,6.08
2026-01-02,19.8,108.0,59.6,62.18,23.3,131.0,66.6,67.61,17.8,154.0,73.6,73.04,21.3,177.0,37.6,67.72,24.8,200.0,44.6,73.15,19.3,73.0,51.6,54.58,22.8,96.0,58.6,60.01,26.3,119.0,65.6,65.44,20.8,142.0,72.6,70.87,24.3,165.0,79.6,76.3,27.8,188.0,43.6,70.98,22.3,211.0,50.6,76.41,apple_002.jpg,blueberry_002.jpg,cherry_002.jpg,corn_002.jpg,gatekeeper_002.jpg,grape_002.jpg,orange_002.jpg,peach_002.jpg,pepper_002.jpg,potato_002.jpg,raspberry_002.jpg,soybean_002.jpg,strawberry_002.jpg,tomato_002.jpg,6.45
2026-01-03,18.2,132.0,72.4,69.22,21.7,155.0,79.4,74.65,16.2,178.0,43.4,69.33,19.7,201.0,50.4,74.76,23.2,224.0,57.4,80.19,17.7,97.0,64.4,61.62,21.2,120.0,71.4,67.05,24.7,143.0,78.4,72.48,19.2,166.0,42.4,67.16,22.7,189.0,49.4,72.59,26.2,212.0,56.4,78.02,20.7,85.0,63.4,59.45,apple_003.jpg,blueberry_003.jpg,cherry_003.jpg,corn_003.jpg,gatekeeper_003.jpg,grape_003.jpg,orange_003.jpg,peach_003.jpg,pepper_003.jpg,potato_003.jpg,raspberry_003.jpg,soybean_003.jpg,strawberry_003.jpg,tomato_003.jpg,6.42
2026-01-04,16.6,156.0,42.2,65.51,20.1,179.0,49.2,70.94,23.6,202.0,56.2,76.37,18.1,225.0,63.2,81.8,21.6,98.0,70.2,63.23,25.1,121.0,77.2,68.66,19.6,144.0,41.2,63.34,23.1,167.0,48.2,68.77,26.6,190.0,55.2,74.2,21.1,213.0,62.2,79.63,24.6,86.0,69.2,61.06,28.1,109.0,76.2,66.49,apple_004.jpg,blueberry_004.jpg,cherry_004.jpg,corn_004.jpg,gatekeeper_004.jpg,grape_004.jpg,orange_004.jpg,peach_004.jpg,pepper_004.jpg,potato_004.jpg,raspberry_004.jpg,soybean_004.jpg,strawberry_004.jpg,tomato_004.jpg,6.58
2026-01-05,24.0,180.0,55.0,72.55,18.5,203.0,62.0,77.98,22.0,226.0,69.0,83.41,25.5,99.0,76.0,64.84,20.0,122.0,83.0,70.27,23.5,145.0,47.0,64.95,27.0,168.0,54.0,70.38,21.5,191.0,61.0,75.81,25.0,214.0,68.0,81.24,28.5,87.0,75.0,62.67,23.0,110.0,82.0,68.1,26.5,133.0,46.0,62.78,apple_005.jpg,blueberry_005.jpg,cherry_005.jpg,corn_005.jpg,gatekeeper_005.jpg,grape_005.jpg,orange_005.jpg,peach_005.jpg,pepper_005.jpg,potato_005.jpg,raspberry_005.jpg,soybean_005.jpg,strawberry_005.jpg,tomato_005.jpg,6.9
2026-01-06,22.4,204.0,67.8,79.59,16.9,227.0,74.8,85.02,20.4,100.0,81.8,66.45,23.9,123.0,45.8,61.13,18.4,146.0,52.8,66.56,21.9,169.0,59.8,71.99,25.4,192.0,66.8,77.42,19.9,215.0,73.8,82.85,23.4,238.0,80.8,88.28,26.9,111.0,44.8,58.96,21.4,134.0,51.8,64.39,24.9,157.0,58.8,69.82,apple_006.jpg,blueberry_006.jpg,cherry_006.jpg,corn_006.jpg,gatekeeper_006.jpg,grape_006.jpg,orange_006.jpg,peach_006.jpg,pepper_006.jpg,potato_006.jpg,raspberry_006.jpg,soybean_006.jpg,strawberry_006.jpg,tomato_006.jpg,6.68
2026-01-07,20.8,228.0,80.6,86.63,24.3,101.0,87.6,68.06,18.8,124.0,51.6,62.74,22.3,147.0,58.6,68.17,25.8,170.0,65.6,73.6,20.3,193.0,72.6,79.03,23.8,216.0,79.6,84.46,27.3,239.0,86.6,89.89,21.8,112.0,50.6,60.57,25.3,135.0,57.6,66.0,28.8,158.0,64.6,71.43,23.3,181.0,71.6,76.86,apple_007.jpg,blueberry_007.jpg,cherry_007.jpg,corn_007.jpg,gatekeeper_007.jpg,grape_007.jpg,orange_007.jpg,peach_007.jpg,pepper_007.jpg,potato_007.jpg,raspberry_007.jpg,soybean_007.jpg,strawberry_007.jpg,tomato_007.jpg,7.0
2026-01-08,19.2,102.0,50.4,58.92,22.7,125.0,57.4,64.35,26.2,148.0,64.4,69.78,20.7,171.0,71.4,75.21,24.2,194.0,78.4,80.64,27.7,217.0,85.4,86.07,22.2,240.0,49.4,80.75,25.7,113.0,56.4,62.18,29.2,136.0,63.4,67.61,23.7,159.0,70.4,73.04,27.2,182.0,77.4,78.47,30.7,205.0,84.4,83.9,apple_008.jpg,blueberry_008.jpg,cherry_008.jpg,corn_008.jpg,gatekeeper_008.jpg,grape_008.jpg,orange_008.jpg,peach_008.jpg,pepper_008.jpg,potato_008.jpg,raspberry_008.jpg,soybean_008.jpg,strawberry_008.jpg,tomato_008.jpg,7.16
2026-01-09,17.6,126.0,63.2,65.96,21.1,149.0,70.2,71.39,24.6,172.0,77.2,76.82,19.1,195.0,84.2,82.25,22.6,218.0,91.2,87.68,26.1,241.0,55.2,82.36,20.6,114.0,62.2,63.79,24.1,137.0,69.2,69.22,27.6,160.0,76.2,74.65,22.1,183.0,83.2,80.08,25.6,206.0,90.2,85.51,29.1,229.0,54.2,80.19,apple_009.jpg,blueberry_009.jpg,cherry_009.jpg,corn_009.jpg,gatekeeper_009.jpg,grape_009.jpg,orange_009.jpg,peach_009.jpg,pepper_009.jpg,potato_009.jpg,raspberry_009.jpg,soybean_009.jpg,strawberry_009.jpg,tomato_009.jpg,7.17
2026-01-10,25.0,150.0,76.0,73.0,19.5,173.0,83.0,78.43,23.0,196.0,90.0,83.86,26.5,219.0,54.0,78.54,21.0,242.0,61.0,83.97,24.5,115.0,68.0,65.4,28.0,138.0,75.0,70.83,22.5,161.0,82.0,76.26,26.0,184.0,89.0,81.69,29.5,207.0,53.0,76.37,24.0,230.0,60.0,81.8,27.5,253.0,67.0,87.23,apple_010.jpg,blueberry_010.jpg,cherry_010.jpg,corn_010.jpg,gatekeeper_010.jpg,grape_010.jpg,orange_010.jpg,peach_010.jpg,pepper_010.jpg,potato_010.jpg,raspberry_010.jpg,soybean_010.jpg,strawberry_010.jpg,tomato_010.jpg,7.44
2026-01-11,23.4,174.0,88.8,80.04,26.9,197.0,95.8,85.47,21.4,220.0,59.8,80.15,24.9,243.0,66.8,85.58,28.4,116.0,73.8,67.01,22.9,139.0,80.8,72.44,26.4,162.0,87.8,77.87,29.9,185.0,94.8,83.3,24.4,208.0,58.8,77.98,27.9,231.0,65.8,83.41,31.4,254.0,72.8,88.84,25.9,127.0,79.8,70.27,apple_011.jpg,blueberry_011.jpg,cherry_011.jpg,corn_011.jpg,gatekeeper_011.jpg,grape_011.jpg,orange_011.jpg,peach_011.jpg,pepper_011.jpg,potato_011.jpg,raspberry_011.jpg,soybean_011.jpg,strawberry_011.jpg,tomato_011.jpg,7.46
2026-01-12,21.8,198.0,58.6,76.33,25.3,221.0,65.6,81.76,19.8,244.0,72.6,87.19,23.3,267.0,79.6,92.62,26.8,140.0,86.6,74.05,21.3,163.0,93.6,79.48,24.8,186.0,57.6,74.16,28.3,209.0,64.6,79.59,22.8,232.0,71.6,85.02,26.3,255.0,78.6,90.45,29.8,128.0,85.6,71.88,24.3,151.0,92.6,77.31,apple_012.jpg,blueberry_012.jpg,cherry_012.jpg,corn_012.jpg,gatekeeper_012.jpg,grape_012.jpg,orange_012.jpg,peach_012.jpg,pepper_012.jpg,potato_012.jpg,raspberry_012.jpg,soybean_012.jpg,strawberry_012.jpg,tomato_012.jpg,7.23
2026-02-13,20.2,222.0,71.4,83.37,23.7,245.0,78.4,88.8,27.2,268.0,85.4,94.23,21.7,141.0,92.4,75.66,25.2,164.0,99.4,81.09,28.7,187.0,63.4,75.77,23.2,210.0,70.4,81.2,26.7,233.0,77.4,86.63,30.2,256.0,84.4,92.06,24.7,129.0,91.4,73.49,28.2,152.0,98.4,78.92,31.7,175.0,62.4,73.6,apple_013.jpg,blueberry_013.jpg,cherry_013.jpg,corn_013.jpg,gatekeeper_013.jpg,grape_013.jpg,orange_013.jpg,peach_013.jpg,pepper_013.jpg,potato_013.jpg,raspberry_013.jpg,soybean_013.jpg,strawberry_013.jpg,tomato_013.jpg,7.35
2026-02-14,27.6,246.0,84.2,90.41,22.1,269.0,91.2,95.84,25.6,142.0,98.2,77.27,29.1,165.0,62.2,71.95,23.6,188.0,69.2,77.38,27.1,211.0,76.2,82.81,30.6,234.0,83.2,88.24,25.1,257.0,90.2,93.67,28.6,130.0,97.2,75.1,32.1,153.0,61.2,69.78,26.6,176.0,68.2,75.21,30.1,199.0,75.2,80.64,apple_014.jpg,blueberry_014.jpg,cherry_014.jpg,corn_014.jpg,gatekeeper_014.jpg,grape_014.jpg,orange_014.jpg,peach_014.jpg,pepper_014.jpg,potato_014.jpg,raspberry_014.jpg,soybean_014.jpg,strawberry_014.jpg,tomato_014.jpg,7.49
2026-02-15,26.0,270.0,97.0,97.45,20.5,143.0,61.0,68.13,24.0,166.0,68.0,73.56,27.5,189.0,75.0,78.99,22.0,212.0,82.0,84.42,25.5,235.0,89.0,89.85,29.0,258.0,96.0,95.28,23.5,281.0,103.0,100.0,27.0,154.0,67.0,71.39,30.5,177.0,74.0,76.82,25.0,200.0,81.0,82.25,28.5,223.0,88.0,87.68,apple_015.jpg,blueberry_015.jpg,cherry_015.jpg,corn_015.jpg,gatekeeper_015.jpg,grape_015.jpg,orange_015.jpg,peach_015.jpg,pepper_015.jpg,potato_015.jpg,raspberry_015.jpg,soybean_015.jpg,strawberry_015.jpg,tomato_015.jpg,7.28
2026-02-16,24.4,144.0,66.8,69.74,27.9,167.0,73.8,75.17,22.4,190.0,80.8,80.6,25.9,213.0,87.8,86.03,29.4,236.0,94.8,91.46,23.9,259.0,101.8,96.89,27.4,282.0,65.8,91.57,30.9,155.0,72.8,73.0,25.4,178.0,79.8,78.43,28.9,201.0,86.8,83.86,32.4,224.0,93.8,89.29,26.9,247.0,100.8,94.72,apple_016.jpg,blueberry_016.jpg,cherry_016.jpg,corn_016.jpg,gatekeeper_016.jpg,grape_016.jpg,orange_016.jpg,peach_016.jpg,pepper_016.jpg,potato_016.jpg,raspberry_016.jpg,soybean_016.jpg,strawberry_016.jpg,tomato_016.jpg,7.42
2026-02-17,22.8,168.0,79.6,76.78,26.3,191.0,86.6,82.21,29.8,214.0,93.6,87.64,24.3,237.0,100.6,93.07,27.8,260.0,64.6,87.75,31.3,283.0,71.6,93.18,25.8,156.0,78.6,74.61,29.3,179.0,85.6,80.04,32.8,202.0,92.6,85.47,27.3,225.0,99.6,90.9,30.8,248.0,106.6,96.33,34.3,271.0,70.6,91.01,apple_017.jpg,blueberry_017.jpg,cherry_017.jpg,corn_017.jpg,gatekeeper_017.jpg,grape_017.jpg,orange_017.jpg,peach_017.jpg,pepper_017.jpg,potato_017.jpg,raspberry_017.jpg,soybean_017.jpg,strawberry_017.jpg,tomato_017.jpg,7.04
2026-02-18,21.2,192.0,92.4,83.82,24.7,215.0,99.4,89.25,28.2,238.0,106.4,94.68,22.7,261.0,70.4,89.36,26.2,284.0,77.4,94.79,29.7,157.0,84.4,76.22,24.2,180.0,91.4,81.65,27.7,203.0,98.4,87.08,31.2,226.0,105.4,92.51,25.7,249.0,69.4,87.19,29.2,272.0,76.4,92.62,32.7,295.0,83.4,98.05,apple_018.jpg,blueberry_018.jpg,cherry_018.jpg,corn_018.jpg,gatekeeper_018.jpg,grape_018.jpg,orange_018.jpg,peach_018.jpg,pepper_018.jpg,potato_018.jpg,raspberry_018.jpg,soybean_018.jpg,strawberry_018.jpg,tomato_018.jpg,7.16
2026-02-19,28.6,216.0,105.2,90.86,23.1,239.0,69.2,85.54,26.6,262.0,76.2,90.97,30.1,285.0,83.2,96.4,24.6,158.0,90.2,77.83,28.1,181.0,97.2,83.26,31.6,204.0,104.2,88.69,26.1,227.0,68.2,83.37,29.6,250.0,75.2,88.8,33.1,273.0,82.2,94.23,27.6,296.0,89.2,99.66,31.1,169.0,96.2,81.09,apple_019.jpg,blueberry_019.jpg,cherry_019.jpg,corn_019.jpg,gatekeeper_019.jpg,grape_019.jpg,orange_019.jpg,peach_019.jpg,pepper_019.jpg,potato_019.jpg,raspberry_019.jpg,soybean_019.jpg,strawberry_019.jpg,tomato_019.jpg,7.04
2026-02-20,19.0,140.0,39.0,62.15,22.5,163.0,46.0,67.58,17.0,186.0,53.0,73.01,20.5,209.0,60.0,78.44,24.0,82.0,67.0,59.87,18.5,105.0,74.0,65.3,22.0,128.0,38.0,59.98,25.5,151.0,45.0,65.41,20.0,174.0,52.0,70.84,23.5,197.0,59.0,76.27,27.0,70.0,66.0,57.7,21.5,93.0,73.0,63.13,apple_020.jpg,blueberry_020.jpg,cherry_020.jpg,corn_020.jpg,gatekeeper_020.jpg,grape_020.jpg,orange_020.jpg,peach_020.jpg,pepper_020.jpg,potato_020.jpg,raspberry_020.jpg,soybean_020.jpg,strawberry_020.jpg,tomato_020.jpg,6.26
2026-02-21,17.4,164.0,51.8,69.19,20.9,187.0,58.8,74.62,15.4,210.0,65.8,80.05,18.9,83.0,72.8,61.48,22.4,106.0,36.8,56.16,16.9,129.0,43.8,61.59,20.4,152.0,50.8,67.02,23.9,175.0,57.8,72.45,18.4,198.0,64.8,77.88,21.9,71.0,71.8,59.31,25.4,94.0,35.8,53.99,19.9,117.0,42.8,59.42,apple_021.jpg,blueberry_021.jpg,cherry_021.jpg,corn_021.jpg,gatekeeper_021.jpg,grape_021.jpg,orange_021.jpg,peach_021.jpg,pepper_021.jpg,potato_021.jpg,raspberry_021.jpg,soybean_021.jpg,strawberry_021.jpg,tomato_021.jpg,6.02
2026-02-22,15.8,188.0,64.6,76.23,19.3,211.0,71.6,81.66,22.8,84.0,78.6,63.09,17.3,107.0,42.6,57.77,20.8,130.0,49.6,63.2,24.3,153.0,56.6,68.63,18.8,176.0,63.6,74.06,22.3,199.0,70.6,79.49,25.8,72.0,77.6,60.92,20.3,95.0,41.6,55.6,23.8,118.0,48.6,61.03,27.3,141.0,55.6,66.46,apple_022.jpg,blueberry_022.jpg,cherry_022.jpg,corn_022.jpg,gatekeeper_022.jpg,grape_022.jpg,orange_022.jpg,peach_022.jpg,pepper_022.jpg,potato_022.jpg,raspberry_022.jpg,soybean_022.jpg,strawberry_022.jpg,tomato_022.jpg,6.23
2026-02-23,23.2,212.0,77.4,83.27,17.7,85.0,41.4,53.95,21.2,108.0,48.4,59.38,24.7,131.0,55.4,64.81,19.2,154.0,62.4,70.24,22.7,177.0,69.4,75.67,26.2,200.0,76.4,81.1,20.7,223.0,40.4,75.78,24.2,96.0,47.4,57.21,27.7,119.0,54.4,62.64,22.2,142.0,61.4,68.07,25.7,165.0,68.4,73.5,apple_023.jpg,blueberry_023.jpg,cherry_023.jpg,corn_023.jpg,gatekeeper_023.jpg,grape_023.jpg,orange_023.jpg,peach_023.jpg,pepper_023.jpg,potato_023.jpg,raspberry_023.jpg,soybean_023.jpg,strawberry_023.jpg,tomato_023.jpg,6.52
2026-02-24,21.6,86.0,47.2,55.56,16.1,109.0,54.2,60.99,19.6,132.0,61.2,66.42,23.1,155.0,68.2,71.85,17.6,178.0,75.2,77.28,21.1,201.0,82.2,82.71,24.6,224.0,46.2,77.39,19.1,97.0,53.2,58.82,22.6,120.0,60.2,64.25,26.1,143.0,67.2,69.68,20.6,166.0,74.2,75.11,24.1,189.0,81.2,80.54,apple_024.jpg,blueberry_024.jpg,cherry_024.jpg,corn_024.jpg,gatekeeper_024.jpg,grape_024.jpg,orange_024.jpg,peach_024.jpg,pepper_024.jpg,potato_024.jpg,raspberry_024.jpg,soybean_024.jpg,strawberry_024.jpg,tomato_024.jpg,6.44
2026-03-25,20.0,110.0,60.0,62.6,23.5,133.0,67.0,68.03,18.0,156.0,74.0,73.46,21.5,179.0,81.0,78.89,25.0,202.0,45.0,73.57,19.5,225.0,52.0,79.0,23.0,98.0,59.0,60.43,26.5,121.0,66.0,65.86,21.0,144.0,73.0,71.29,24.5,167.0,80.0,76.72,28.0,190.0,44.0,71.4,22.5,213.0,51.0,76.83,apple_025.jpg,blueberry_025.jpg,cherry_025.jpg,corn_025.jpg,gatekeeper_025.jpg,grape_025.jpg,orange_025.jpg,peach_025.jpg,pepper_025.jpg,potato_025.jpg,raspberry_025.jpg,soybean_025.jpg,strawberry_025.jpg,tomato_025.jpg,6.73
2026-03-26,18.4,134.0,72.8,69.64,21.9,157.0,79.8,75.07,25.4,180.0,86.8,80.5,19.9,203.0,50.8,75.18,23.4,226.0,57.8,80.61,26.9,99.0,64.8,62.04,21.4,122.0,71.8,67.47,24.9,145.0,78.8,72.9,28.4,168.0,85.8,78.33,22.9,191.0,49.8,73.01,26.4,214.0,56.8,78.44,29.9,237.0,63.8,83.87,apple_026.jpg,blueberry_026.jpg,cherry_026.jpg,corn_026.jpg,gatekeeper_026.jpg,grape_026.jpg,orange_026.jpg,peach_026.jpg,pepper_026.jpg,potato_026.jpg,raspberry_026.jpg,soybean_026.jpg,strawberry_026.jpg,tomato_026.jpg,7.18
2026-03-27,16.8,158.0,85.6,76.68,20.3,181.0,49.6,71.36,23.8,204.0,56.6,76.79,18.3,227.0,63.6,82.22,21.8,100.0,70.6,63.65,25.3,123.0,77.6,69.08,19.8,146.0,84.6,74.51,23.3,169.0,48.6,69.19,26.8,192.0,55.6,74.62,21.3,215.0,62.6,80.05,24.8,238.0,69.6,85.48,28.3,111.0,76.6,66.91,apple_027.jpg,blueberry_027.jpg,cherry_027.jpg,corn_027.jpg,gatekeeper_027.jpg,grape_027.jpg,orange_027.jpg,peach_027.jpg,pepper_027.jpg,potato_027.jpg,raspberry_027.jpg,soybean_027.jpg,strawberry_027.jpg,tomato_027.jpg,6.94
2026-03-28,24.2,182.0,55.4,72.97,18.7,205.0,62.4,78.4,22.2,228.0,69.4,83.83,25.7,101.0,76.4,65.26,20.2,124.0,83.4,70.69,23.7,147.0,90.4,76.12,27.2,170.0,54.4,70.8,21.7,193.0,61.4,76.23,25.2,216.0,68.4,81.66,28.7,239.0,75.4,87.09,23.2,112.0,82.4,68.52,26.7,135.0,89.4,73.95,apple_028.jpg,blueberry_028.jpg,cherry_028.jpg,corn_028.jpg,gatekeeper_028.jpg,grape_028.jpg,orange_028.jpg,peach_028.jpg,pepper_028.jpg,potato_028.jpg,raspberry_028.jpg,soybean_028.jpg,strawberry_028.jpg,tomato_028.jpg,7.14
2026-03-01,22.6,206.0,68.2,80.01,26.1,229.0,75.2,85.44,20.6,252.0,82.2,90.87,24.1,125.0,89.2,72.3,27.6,148.0,53.2,66.98,22.1,171.0,60.2,72.41,25.6,194.0,67.2,77.84,29.1,217.0,74.2,83.27,23.6,240.0,81.2,88.7,27.1,113.0,88.2,70.13,30.6,136.0,52.2,64.81,25.1,159.0,59.2,70.24,apple_029.jpg,blueberry_029.jpg,cherry_029.jpg,corn_029.jpg,gatekeeper_029.jpg,grape_029.jpg,orange_029.jpg,peach_029.jpg,pepper_029.jpg,potato_029.jpg,raspberry_029.jpg,soybean_029.jpg,strawberry_029.jpg,tomato_029.jpg,7.44
2026-03-02,21.0,230.0,81.0,87.05,24.5,253.0,88.0,92.48,19.0,126.0,52.0,63.16,22.5,149.0,59.0,68.59,26.0,172.0,66.0,74.02,20.5,195.0,73.0,79.45,24.0,218.0,80.0,84.88,27.5,241.0,87.0,90.31,22.0,114.0,94.0,71.74,25.5,137.0,58.0,66.42,29.0,160.0,65.0,71.85,23.5,183.0,72.0,77.28,apple_030.jpg,blueberry_030.jpg,cherry_030.jpg,corn_030.jpg,gatekeeper_030.jpg,grape_030.jpg,orange_030.jpg,peach_030.jpg,pepper_030.jpg,potato_030.jpg,raspberry_030.jpg,soybean_030.jpg,strawberry_030.jpg,tomato_030.jpg,7.25
2026-03-03,19.4,254.0,93.8,94.09,22.9,127.0,57.8,64.77,26.4,150.0,64.8,70.2,20.9,173.0,71.8,75.63,24.4,196.0,78.8,81.06,27.9,219.0,85.8,86.49,22.4,242.0,92.8,91.92,25.9,115.0,56.8,62.6,29.4,138.0,63.8,68.03,23.9,161.0,70.8,73.46,27.4,184.0,77.8,78.89,30.9,207.0,84.8,84.32,apple_031.jpg,blueberry_031.jpg,cherry_031.jpg,corn_031.jpg,gatekeeper_031.jpg,grape_031.jpg,orange_031.jpg,peach_031.jpg,pepper_031.jpg,potato_031.jpg,raspberry_031.jpg,soybean_031.jpg,strawberry_031.jpg,tomato_031.jpg,7.41
2026-03-04,26.8,128.0,63.6,66.38,21.3,151.0,70.6,71.81,24.8,174.0,77.6,77.24,28.3,197.0,84.6,82.67,22.8,220.0,91.6,88.1,26.3,243.0,55.6,82.78,29.8,266.0,62.6,88.21,24.3,139.0,69.6,69.64,27.8,162.0,76.6,75.07,31.3,185.0,83.6,80.5,25.8,208.0,90.6,85.93,29.3,231.0,97.6,91.36,apple_032.jpg,blueberry_032.jpg,cherry_032.jpg,corn_032.jpg,gatekeeper_032.jpg,grape_032.jpg,orange_032.jpg,peach_032.jpg,pepper_032.jpg,potato_032.jpg,raspberry_032.jpg,soybean_032.jpg,strawberry_032.jpg,tomato_032.jpg,7.59
2026-03-05,25.2,152.0,76.4,73.42,19.7,175.0,83.4,78.85,23.2,198.0,90.4,84.28,26.7,221.0,97.4,89.71,21.2,244.0,61.4,84.39,24.7,267.0,68.4,89.82,28.2,140.0,75.4,71.25,22.7,163.0,82.4,76.68,26.2,186.0,89.4,82.11,29.7,209.0,96.4,87.54,24.2,232.0,60.4,82.22,27.7,255.0,67.4,87.65,apple_033.jpg,blueberry_033.jpg,cherry_033.jpg,corn_033.jpg,gatekeeper_033.jpg,grape_033.jpg,orange_033.jpg,peach_033.jpg,pepper_033.jpg,potato_033.jpg,raspberry_033.jpg,soybean_033.jpg,strawberry_033.jpg,tomato_033.jpg,7.18
2026-03-06,23.6,176.0,89.2,80.46,27.1,199.0,96.2,85.89,21.6,222.0,60.2,80.57,25.1,245.0,67.2,86.0,28.6,268.0,74.2,91.43,23.1,141.0,81.2,72.86,26.6,164.0,88.2,78.29,30.1,187.0,95.2,83.72,24.6,210.0,59.2,78.4,28.1,233.0,66.2,83.83,31.6,256.0,73.2,89.26,26.1,279.0,80.2,94.69,apple_034.jpg,blueberry_034.jpg,cherry_034.jpg,corn_034.jpg,gatekeeper_034.jpg,grape_034.jpg,orange_034.jpg,peach_034.jpg,pepper_034.jpg,potato_034.jpg,raspberry_034.jpg,soybean_034.jpg,strawberry_034.jpg,tomato_034.jpg,7.34
2026-03-07,22.0,200.0,102.0,87.5,25.5,223.0,66.0,82.18,29.0,246.0,73.0,87.61,23.5,269.0,80.0,93.04,27.0,142.0,87.0,74.47,30.5,165.0,94.0,79.9,25.0,188.0,101.0,85.33,28.5,211.0,65.0,80.01,32.0,234.0,72.0,85.44,26.5,257.0,79.0,90.87,30.0,280.0,86.0,96.3,33.5,153.0,93.0,77.73,apple_035.jpg,blueberry_035.jpg,cherry_035.jpg,corn_035.jpg,gatekeeper_035.jpg,grape_035.jpg,orange_035.jpg,peach_035.jpg,pepper_035.jpg,potato_035.jpg,raspberry_035.jpg,soybean_035.jpg,strawberry_035.jpg,tomato_035.jpg,7.26
2026-03-08,20.4,224.0,71.8,83.79,23.9,247.0,78.8,89.22,27.4,270.0,85.8,94.65,21.9,143.0,92.8,76.08,25.4,166.0,99.8,81.51,28.9,189.0,63.8,76.19,23.4,212.0,70.8,81.62,26.9,235.0,77.8,87.05,30.4,258.0,84.8,92.48,24.9,281.0,91.8,97.91,28.4,154.0,98.8,79.34,31.9,177.0,62.8,74.02,apple_036.jpg,blueberry_036.jpg,cherry_036.jpg,corn_036.jpg,gatekeeper_036.jpg,grape_036.jpg,orange_036.jpg,peach_036.jpg,pepper_036.jpg,potato_036.jpg,raspberry_036.jpg,soybean_036.jpg,strawberry_036.jpg,tomato_036.jpg,7.3
2026-04-09,27.8,248.0,84.6,90.83,22.3,271.0,91.6,96.26,25.8,294.0,98.6,100.0,29.3,167.0,105.6,83.12,23.8,190.0,69.6,77.8,27.3,213.0,76.6,83.23,30.8,236.0,83.6,88.66,25.3,259.0,90.6,94.09,28.8,282.0,97.6,99.52,32.3,155.0,104.6,80.95,26.8,178.0,68.6,75.63,30.3,201.0,75.6,81.06,apple_037.jpg,blueberry_037.jpg,cherry_037.jpg,corn_037.jpg,gatekeeper_037.jpg,grape_037.jpg,orange_037.jpg,peach_037.jpg,pepper_037.jpg,potato_037.jpg,raspberry_037.jpg,soybean_037.jpg,strawberry_037.jpg,tomato_037.jpg,7.19
2026-04-10,26.2,272.0,97.4,97.87,29.7,295.0,104.4,100.0,24.2,168.0,68.4,73.98,27.7,191.0,75.4,79.41,31.2,214.0,82.4,84.84,25.7,237.0,89.4,90.27,29.2,260.0,96.4,95.7,32.7,283.0,103.4,100.0,27.2,156.0,67.4,71.81,30.7,179.0,74.4,77.24,34.2,202.0,81.4,82.67,28.7,225.0,88.4,88.1,apple_038.jpg,blueberry_038.jpg,cherry_038.jpg,corn_038.jpg,gatekeeper_038.jpg,grape_038.jpg,orange_038.jpg,peach_038.jpg,pepper_038.jpg,potato_038.jpg,raspberry_038.jpg,soybean_038.jpg,strawberry_038.jpg,tomato_038.jpg,7.05
2026-04-11,24.6,296.0,110.2,100.0,28.1,169.0,74.2,75.59,22.6,192.0,81.2,81.02,26.1,215.0,88.2,86.45,29.6,238.0,95.2,91.88,24.1,261.0,102.2,97.31,27.6,284.0,109.2,100.0,31.1,157.0,73.2,73.42,25.6,180.0,80.2,78.85,29.1,203.0,87.2,84.28,32.6,226.0,94.2,89.71,27.1,249.0,101.2,95.14,apple_039.jpg,blueberry_039.jpg,cherry_039.jpg,corn_039.jpg,gatekeeper_039.jpg,grape_039.jpg,orange_039.jpg,peach_039.jpg,pepper_039.jpg,potato_039.jpg,raspberry_039.jpg,soybean_039.jpg,strawberry_039.jpg,tomato_039.jpg,7.09
2026-04-12,15.0,70.0,44.0,52.2,18.5,93.0,51.0,57.63,22.0,116.0,58.0,63.06,16.5,139.0,65.0,68.49,20.0,162.0,72.0,73.92,23.5,185.0,36.0,68.6,18.0,208.0,43.0,74.03,21.5,81.0,50.0,55.46,25.0,104.0,57.0,60.89,19.5,127.0,64.0,66.32,23.0,150.0,71.0,71.75,26.5,173.0,35.0,66.43,apple_040.jpg,blueberry_040.jpg,cherry_040.jpg,corn_040.jpg,gatekeeper_040.jpg,grape_040.jpg,orange_040.jpg,peach_040.jpg,pepper_040.jpg,potato_040.jpg,raspberry_040.jpg,soybean_040.jpg,strawberry_040.jpg,tomato_040.jpg,5.96
2026-04-13,22.4,94.0,56.8,59.24,16.9,117.0,63.8,64.67,20.4,140.0,70.8,70.1,23.9,163.0,77.8,75.53,18.4,186.0,41.8,70.21,21.9,209.0,48.8,75.64,25.4,82.0,55.8,57.07,19.9,105.0,62.8,62.5,23.4,128.0,69.8,67.93,26.9,151.0,76.8,73.36,21.4,174.0,40.8,68.04,24.9,197.0,47.8,73.47,apple_041.jpg,blueberry_041.jpg,cherry_041.jpg,corn_041.jpg,gatekeeper_041.jpg,grape_041.jpg,orange_041.jpg,peach_041.jpg,pepper_041.jpg,potato_041.jpg,raspberry_041.jpg,soybean_041.jpg,strawberry_041.jpg,tomato_041.jpg,6.41
2026-04-14,20.8,118.0,69.6,66.28,15.3,141.0,76.6,71.71,18.8,164.0,40.6,66.39,22.3,187.0,47.6,71.82,16.8,210.0,54.6,77.25,20.3,83.0,61.6,58.68,23.8,106.0,68.6,64.11,18.3,129.0,75.6,69.54,21.8,152.0,39.6,64.22,25.3,175.0,46.6,69.65,19.8,198.0,53.6,75.08,23.3,71.0,60.6,56.51,apple_042.jpg,blueberry_042.jpg,cherry_042.jpg,corn_042.jpg,gatekeeper_042.jpg,grape_042.jpg,orange_042.jpg,peach_042.jpg,pepper_042.jpg,potato_042.jpg,raspberry_042.jpg,soybean_042.jpg,strawberry_042.jpg,tomato_042.jpg,6.17
2026-04-15,19.2,142.0,39.4,62.57,22.7,165.0,46.4,68.0,17.2,188.0,53.4,73.43,20.7,211.0,60.4,78.86,24.2,84.0,67.4,60.29,18.7,107.0,74.4,65.72,22.2,130.0,81.4,71.15,25.7,153.0,45.4,65.83,20.2,176.0,52.4,71.26,23.7,199.0,59.4,76.69,27.2,222.0,66.4,82.12,21.7,95.0,73.4,63.55,apple_043.jpg,blueberry_043.jpg,cherry_043.jpg,corn_043.jpg,gatekeeper_043.jpg,grape_043.jpg,orange_043.jpg,peach_043.jpg,pepper_043.jpg,potato_043.jpg,raspberry_043.jpg,soybean_043.jpg,strawberry_043.jpg,tomato_043.jpg,6.54
2026-04-16,17.6,166.0,52.2,69.61,21.1,189.0,59.2,75.04,24.6,212.0,66.2,80.47,19.1,85.0,73.2,61.9,22.6,108.0,80.2,67.33,26.1,131.0,44.2,62.01,20.6,154.0,51.2,67.44,24.1,177.0,58.2,72.87,27.6,200.0,65.2,78.3,22.1,223.0,72.2,83.73,25.6,96.0,79.2,65.16,29.1,119.0,43.2,59.84,apple_044.jpg,blueberry_044.jpg,cherry_044.jpg,corn_044.jpg,gatekeeper_044.jpg,grape_044.jpg,orange_044.jpg,peach_044.jpg,pepper_044.jpg,potato_044.jpg,raspberry_044.jpg,soybean_044.jpg,strawberry_044.jpg,tomato_044.jpg,6.67
2026-04-17,16.0,190.0,65.0,76.65,19.5,213.0,72.0,82.08,23.0,86.0,79.0,63.51,17.5,109.0,43.0,58.19,21.0,132.0,50.0,63.62,24.5,155.0,57.0,69.05,19.0,178.0,64.0,74.48,22.5,201.0,71.0,79.91,26.0,224.0,78.0,85.34,20.5,97.0,85.0,66.77,24.0,120.0,49.0,61.45,27.5,143.0,56.0,66.88,apple_045.jpg,blueberry_045.jpg,cherry_045.jpg,corn_045.jpg,gatekeeper_045.jpg,grape_045.jpg,orange_045.jpg,peach_045.jpg,pepper_045.jpg,potato_045.jpg,raspberry_045.jpg,soybean_045.jpg,strawberry_045.jpg,tomato_045.jpg,6.51
2026-04-18,23.4,214.0,77.8,83.69,17.9,237.0,84.8,89.12,21.4,110.0,48.8,59.8,24.9,133.0,55.8,65.23,19.4,156.0,62.8,70.66,22.9,179.0,69.8,76.09,26.4,202.0,76.8,81.52,20.9,225.0,83.8,86.95,24.4,98.0,47.8,57.63,27.9,121.0,54.8,63.06,22.4,144.0,61.8,68.49,25.9,167.0,68.8,73.92,apple_046.jpg,blueberry_046.jpg,cherry_046.jpg,corn_046.jpg,gatekeeper_046.jpg,grape_046.jpg,orange_046.jpg,peach_046.jpg,pepper_046.jpg,potato_046.jpg,raspberry_046.jpg,soybean_046.jpg,strawberry_046.jpg,tomato_046.jpg,6.88
2026-04-19,21.8,238.0,47.6,79.98,25.3,111.0,54.6,61.41,19.8,134.0,61.6,66.84,23.3,157.0,68.6,72.27,26.8,180.0,75.6,77.7,21.3,203.0,82.6,83.13,24.8,226.0,46.6,77.81,28.3,99.0,53.6,59.24,22.8,122.0,60.6,64.67,26.3,145.0,67.6,70.1,29.8,168.0,74.6,75.53,24.3,191.0,81.6,80.96,apple_047.jpg,blueberry_047.jpg,cherry_047.jpg,corn_047.jpg,gatekeeper_047.jpg,grape_047.jpg,orange_047.jpg,peach_047.jpg,pepper_047.jpg,potato_047.jpg,raspberry_047.jpg,soybean_047.jpg,strawberry_047.jpg,tomato_047.jpg,7.04
2026-04-20,20.2,112.0,60.4,63.02,23.7,135.0,67.4,68.45,18.2,158.0,74.4,73.88,21.7,181.0,81.4,79.31,25.2,204.0,88.4,84.74,19.7,227.0,52.4,79.42,23.2,100.0,59.4,60.85,26.7,123.0,66.4,66.28,21.2,146.0,73.4,71.71,24.7,169.0,80.4,77.14,28.2,192.0,87.4,82.57,22.7,215.0,51.4,77.25,apple_048.jpg,blueberry_048.jpg,cherry_048.jpg,corn_048.jpg,gatekeeper_048.jpg,grape_048.jpg,orange_048.jpg,peach_048.jpg,pepper_048.jpg,potato_048.jpg,raspberry_048.jpg,soybean_048.jpg,strawberry_048.jpg,tomato_048.jpg,6.97
2026-05-21,18.6,136.0,73.2,70.06,22.1,159.0,80.2,75.49,25.6,182.0,87.2,80.92,20.1,205.0,51.2,75.6,23.6,228.0,58.2,81.03,27.1,251.0,65.2,86.46,21.6,124.0,72.2,67.89,25.1,147.0,79.2,73.32,28.6,170.0,86.2,78.75,23.1,193.0,50.2,73.43,26.6,216.0,57.2,78.86,30.1,239.0,64.2,84.29,apple_049.jpg,blueberry_049.jpg,cherry_049.jpg,corn_049.jpg,gatekeeper_049.jpg,grape_049.jpg,orange_049.jpg,peach_049.jpg,pepper_049.jpg,potato_049.jpg,raspberry_049.jpg,soybean_049.jpg,strawberry_049.jpg,tomato_049.jpg,7.34
2026-05-22,26.0,160.0,86.0,77.1,20.5,183.0,93.0,82.53,24.0,206.0,57.0,77.21,27.5,229.0,64.0,82.64,22.0,252.0,71.0,88.07,25.5,125.0,78.0,69.5,29.0,148.0,85.0,74.93,23.5,171.0,92.0,80.36,27.0,194.0,56.0,75.04,30.5,217.0,63.0,80.47,25.0,240.0,70.0,85.9,28.5,113.0,77.0,67.33,apple_050.jpg,blueberry_050.jpg,cherry_050.jpg,corn_050.jpg,gatekeeper_050.jpg,grape_050.jpg,orange_050.jpg,peach_050.jpg,pepper_050.jpg,potato_050.jpg,raspberry_050.jpg,soybean_050.jpg,strawberry_050.jpg,tomato_050.jpg,7.48
2026-05-23,24.4,184.0,55.8,73.39,18.9,207.0,62.8,78.82,22.4,230.0,69.8,84.25,25.9,253.0,76.8,89.68,20.4,126.0,83.8,71.11,23.9,149.0,90.8,76.54,27.4,172.0,54.8,71.22,21.9,195.0,61.8,76.65,25.4,218.0,68.8,82.08,28.9,241.0,75.8,87.51,23.4,264.0,82.8,92.94,26.9,137.0,89.8,74.37,apple_051.jpg,blueberry_051.jpg,cherry_051.jpg,corn_051.jpg,gatekeeper_051.jpg,grape_051.jpg,orange_051.jpg,peach_051.jpg,pepper_051.jpg,potato_051.jpg,raspberry_051.jpg,soybean_051.jpg,strawberry_051.jpg,tomato_051.jpg,7.24
2026-05-24,22.8,208.0,68.6,80.43,26.3,231.0,75.6,85.86,20.8,254.0,82.6,91.29,24.3,127.0,89.6,72.72,27.8,150.0,96.6,78.15,22.3,173.0,60.6,72.83,25.8,196.0,67.6,78.26,29.3,219.0,74.6,83.69,23.8,242.0,81.6,89.12,27.3,265.0,88.6,94.55,30.8,138.0,95.6,75.98,25.3,161.0,59.6,70.66,apple_052.jpg,blueberry_052.jpg,cherry_052.jpg,corn_052.jpg,gatekeeper_052.jpg,grape_052.jpg,orange_052.jpg,peach_052.jpg,pepper_052.jpg,potato_052.jpg,raspberry_052.jpg,soybean_052.jpg,strawberry_052.jpg,tomato_052.jpg,7.36
2026-05-25,21.2,232.0,81.4,87.47,24.7,255.0,88.4,92.9,28.2,128.0,95.4,74.33,22.7,151.0,59.4,69.01,26.2,174.0,66.4,74.44,29.7,197.0,73.4,79.87,24.2,220.0,80.4,85.3,27.7,243.0,87.4,90.73,31.2,266.0,94.4,96.16,25.7,139.0,58.4,66.84,29.2,162.0,65.4,72.27,32.7,185.0,72.4,77.7,apple_053.jpg,blueberry_053.jpg,cherry_053.jpg,corn_053.jpg,gatekeeper_053.jpg,grape_053.jpg,orange_053.jpg,peach_053.jpg,pepper_053.jpg,potato_053.jpg,raspberry_053.jpg,soybean_053.jpg,strawberry_053.jpg,tomato_053.jpg,7.6
2026-05-26,19.6,256.0,94.2,94.51,23.1,279.0,101.2,99.94,26.6,152.0,65.2,70.62,21.1,175.0,72.2,76.05,24.6,198.0,79.2,81.48,28.1,221.0,86.2,86.91,22.6,244.0,93.2,92.34,26.1,267.0,100.2,97.77,29.6,140.0,64.2,68.45,24.1,163.0,71.2,73.88,27.6,186.0,78.2,79.31,31.1,209.0,85.2,84.74,apple_054.jpg,blueberry_054.jpg,cherry_054.jpg,corn_054.jpg,gatekeeper_054.jpg,grape_054.jpg,orange_054.jpg,peach_054.jpg,pepper_054.jpg,potato_054.jpg,raspberry_054.jpg,soybean_054.jpg,strawberry_054.jpg,tomato_054.jpg,7.24
2026-05-27,27.0,280.0,64.0,90.8,21.5,153.0,71.0,72.23,25.0,176.0,78.0,77.66,28.5,199.0,85.0,83.09,23.0,222.0,92.0,88.52,26.5,245.0,99.0,93.95,30.0,268.0,63.0,88.63,24.5,141.0,70.0,70.06,28.0,164.0,77.0,75.49,31.5,187.0,84.0,80.92,26.0,210.0,91.0,86.35,29.5,233.0,98.0,91.78,apple_055.jpg,blueberry_055.jpg,cherry_055.jpg,corn_055.jpg,gatekeeper_055.jpg,grape_055.jpg,orange_055.jpg,peach_055.jpg,pepper_055.jpg,potato_055.jpg,raspberry_055.jpg,soybean_055.jpg,strawberry_055.jpg,tomato_055.jpg,7.37
2026-05-28,25.4,154.0,76.8,73.84,28.9,177.0,83.8,79.27,23.4,200.0,90.8,84.7,26.9,223.0,97.8,90.13,30.4,246.0,104.8,95.56,24.9,269.0,68.8,90.24,28.4,142.0,75.8,71.67,31.9,165.0,82.8,77.1,26.4,188.0,89.8,82.53,29.9,211.0,96.8,87.96,33.4,234.0,103.8,93.39,27.9,257.0,67.8,88.07,apple_056.jpg,blueberry_056.jpg,cherry_056.jpg,corn_056.jpg,gatekeeper_056.jpg,grape_056.jpg,orange_056.jpg,peach_056.jpg,pepper_056.jpg,potato_056.jpg,raspberry_056.jpg,soybean_056.jpg,strawberry_056.jpg,tomato_056.jpg,7.18
2026-05-01,23.8,178.0,89.6,80.88,27.3,201.0,96.6,86.31,21.8,224.0,103.6,91.74,25.3,247.0,67.6,86.42,28.8,270.0,74.6,91.85,23.3,293.0,81.6,97.28,26.8,166.0,88.6,78.71,30.3,189.0,95.6,84.14,24.8,212.0,102.6,89.57,28.3,235.0,66.6,84.25,31.8,258.0,73.6,89.68,26.3,281.0,80.6,95.11,apple_057.jpg,blueberry_057.jpg,cherry_057.jpg,corn_057.jpg,gatekeeper_057.jpg,grape_057.jpg,orange_057.jpg,peach_057.jpg,pepper_057.jpg,potato_057.jpg,raspberry_057.jpg,soybean_057.jpg,strawberry_057.jpg,tomato_057.jpg,7.17
2026-05-02,22.2,202.0,102.4,87.92,25.7,225.0,66.4,82.6,29.2,248.0,73.4,88.03,23.7,271.0,80.4,93.46,27.2,294.0,87.4,98.89,30.7,167.0,94.4,80.32,25.2,190.0,101.4,85.75,28.7,213.0,108.4,91.18,32.2,236.0,72.4,85.86,26.7,259.0,79.4,91.29,30.2,282.0,86.4,96.72,33.7,155.0,93.4,78.15,apple_058.jpg,blueberry_058.jpg,cherry_058.jpg,corn_058.jpg,gatekeeper_058.jpg,grape_058.jpg,orange_058.jpg,peach_058.jpg,pepper_058.jpg,potato_058.jpg,raspberry_058.jpg,soybean_058.jpg,strawberry_058.jpg,tomato_058.jpg,7.1
2026-05-03,29.6,226.0,72.2,84.21,24.1,249.0,79.2,89.64,27.6,272.0,86.2,95.07,31.1,295.0,93.2,100.0,25.6,168.0,100.2,81.93,29.1,191.0,107.2,87.36,32.6,214.0,71.2,82.04,27.1,237.0,78.2,87.47,30.6,260.0,85.2,92.9,34.1,283.0,92.2,98.33,28.6,156.0,99.2,79.76,32.1,179.0,106.2,85.19,apple_059.jpg,blueberry_059.jpg,cherry_059.jpg,corn_059.jpg,gatekeeper_059.jpg,grape_059.jpg,orange_059.jpg,peach_059.jpg,pepper_059.jpg,potato_059.jpg,raspberry_059.jpg,soybean_059.jpg,strawberry_059.jpg,tomato_059.jpg,6.9
2026-05-04,20.0,150.0,49.0,66.25,14.5,173.0,56.0,71.68,18.0,196.0,63.0,77.11,21.5,69.0,70.0,58.54,16.0,92.0,34.0,53.22,19.5,115.0,41.0,58.65,23.0,138.0,48.0,64.08,17.5,161.0,55.0,69.51,21.0,184.0,62.0,74.94,24.5,207.0,69.0,80.37,19.0,80.0,76.0,61.8,22.5,103.0,40.0,56.48,apple_060.jpg,blueberry_060.jpg,cherry_060.jpg,corn_060.jpg,gatekeeper_060.jpg,grape_060.jpg,orange_060.jpg,peach_060.jpg,pepper_060.jpg,potato_060.jpg,raspberry_060.jpg,soybean_060.jpg,strawberry_060.jpg,tomato_060.jpg,5.98
2026-06-05,18.4,174.0,61.8,73.29,21.9,197.0,68.8,78.72,16.4,70.0,75.8,60.15,19.9,93.0,39.8,54.83,23.4,116.0,46.8,60.26,17.9,139.0,53.8,65.69,21.4,162.0,60.8,71.12,24.9,185.0,67.8,76.55,19.4,208.0,74.8,81.98,22.9,81.0,38.8,52.66,26.4,104.0,45.8,58.09,20.9,127.0,52.8,63.52,apple_061.jpg,blueberry_061.jpg,cherry_061.jpg,corn_061.jpg,gatekeeper_061.jpg,grape_061.jpg,orange_061.jpg,peach_061.jpg,pepper_061.jpg,potato_061.jpg,raspberry_061.jpg,soybean_061.jpg,strawberry_061.jpg,tomato_061.jpg,6.11
2026-06-06,16.8,198.0,74.6,80.33,20.3,71.0,38.6,51.01,23.8,94.0,45.6,56.44,18.3,117.0,52.6,61.87,21.8,140.0,59.6,67.3,25.3,163.0,66.6,72.73,19.8,186.0,73.6,78.16,23.3,209.0,37.6,72.84,26.8,82.0,44.6,54.27,21.3,105.0,51.6,59.7,24.8,128.0,58.6,65.13,28.3,151.0,65.6,70.56,apple_062.jpg,blueberry_062.jpg,cherry_062.jpg,corn_062.jpg,gatekeeper_062.jpg,grape_062.jpg,orange_062.jpg,peach_062.jpg,pepper_062.jpg,potato_062.jpg,raspberry_062.jpg,soybean_062.jpg,strawberry_062.jpg,tomato_062.jpg,6.27
2026-06-07,15.2,222.0,44.4,76.62,18.7,95.0,51.4,58.05,22.2,118.0,58.4,63.48,16.7,141.0,65.4,68.91,20.2,164.0,72.4,74.34,23.7,187.0,79.4,79.77,18.2,210.0,43.4,74.45,21.7,83.0,50.4,55.88,25.2,106.0,57.4,61.31,19.7,129.0,64.4,66.74,23.2,152.0,71.4,72.17,26.7,175.0,78.4,77.6,apple_063.jpg,blueberry_063.jpg,cherry_063.jpg,corn_063.jpg,gatekeeper_063.jpg,grape_063.jpg,orange_063.jpg,peach_063.jpg,pepper_063.jpg,potato_063.jpg,raspberry_063.jpg,soybean_063.jpg,strawberry_063.jpg,tomato_063.jpg,6.32
2026-06-08,22.6,96.0,57.2,59.66,17.1,119.0,64.2,65.09,20.6,142.0,71.2,70.52,24.1,165.0,78.2,75.95,18.6,188.0,42.2,70.63,22.1,211.0,49.2,76.06,25.6,84.0,56.2,57.49,20.1,107.0,63.2,62.92,23.6,130.0,70.2,68.35,27.1,153.0,77.2,73.78,21.6,176.0,41.2,68.46,25.1,199.0,48.2,73.89,apple_064.jpg,blueberry_064.jpg,cherry_064.jpg,corn_064.jpg,gatekeeper_064.jpg,grape_064.jpg,orange_064.jpg,peach_064.jpg,pepper_064.jpg,potato_064.jpg,raspberry_064.jpg,soybean_064.jpg,strawberry_064.jpg,tomato_064.jpg,6.48
2026-06-09,21.0,120.0,70.0,66.7,24.5,143.0,77.0,72.13,19.0,166.0,84.0,77.56,22.5,189.0,48.0,72.24,26.0,212.0,55.0,77.67,20.5,85.0,62.0,59.1,24.0,108.0,69.0,64.53,27.5,131.0,76.0,69.96,22.0,154.0,83.0,75.39,25.5,177.0,47.0,70.07,29.0,200.0,54.0,75.5,23.5,223.0,61.0,80.93,apple_065.jpg,blueberry_065.jpg,cherry_065.jpg,corn_065.jpg,gatekeeper_065.jpg,grape_065.jpg,orange_065.jpg,peach_065.jpg,pepper_065.jpg,potato_065.jpg,raspberry_065.jpg,soybean_065.jpg,strawberry_065.jpg,tomato_065.jpg,6.93
2026-06-10,19.4,144.0,82.8,73.74,22.9,167.0,46.8,68.42,17.4,190.0,53.8,73.85,20.9,213.0,60.8,79.28,24.4,236.0,67.8,84.71,18.9,109.0,74.8,66.14,22.4,132.0,81.8,71.57,25.9,155.0,45.8,66.25,20.4,178.0,52.8,71.68,23.9,201.0,59.8,77.11,27.4,224.0,66.8,82.54,21.9,97.0,73.8,63.97,apple_066.jpg,blueberry_066.jpg,cherry_066.jpg,corn_066.jpg,gatekeeper_066.jpg,grape_066.jpg,orange_066.jpg,peach_066.jpg,pepper_066.jpg,potato_066.jpg,raspberry_066.jpg,soybean_066.jpg,strawberry_066.jpg,tomato_066.jpg,6.71
2026-06-11,17.8,168.0,52.6,70.03,21.3,191.0,59.6,75.46,24.8,214.0,66.6,80.89,19.3,237.0,73.6,86.32,22.8,110.0,80.6,67.75,26.3,133.0,87.6,73.18,20.8,156.0,51.6,67.86,24.3,179.0,58.6,73.29,27.8,202.0,65.6,78.72,22.3,225.0,72.6,84.15,25.8,98.0,79.6,65.58,29.3,121.0,86.6,71.01,apple_067.jpg,blueberry_067.jpg,cherry_067.jpg,corn_067.jpg,gatekeeper_067.jpg,grape_067.jpg,orange_067.jpg,peach_067.jpg,pepper_067.jpg,potato_067.jpg,raspberry_067.jpg,soybean_067.jpg,strawberry_067.jpg,tomato_067.jpg,7.03
2026-06-12,25.2,192.0,65.4,77.07,19.7,215.0,72.4,82.5,23.2,238.0,79.4,87.93,26.7,111.0,86.4,69.36,21.2,134.0,50.4,64.04,24.7,157.0,57.4,69.47,28.2,180.0,64.4,74.9,22.7,203.0,71.4,80.33,26.2,226.0,78.4,85.76,29.7,249.0,85.4,91.19,24.2,122.0,49.4,61.87,27.7,145.0,56.4,67.3,apple_068.jpg,blueberry_068.jpg,cherry_068.jpg,corn_068.jpg,gatekeeper_068.jpg,grape_068.jpg,orange_068.jpg,peach_068.jpg,pepper_068.jpg,potato_068.jpg,raspberry_068.jpg,soybean_068.jpg,strawberry_068.jpg,tomato_068.jpg,7.32
2026-06-13,23.6,216.0,78.2,84.11,18.1,239.0,85.2,89.54,21.6,112.0,92.2,70.97,25.1,135.0,56.2,65.65,19.6,158.0,63.2,71.08,23.1,181.0,70.2,76.51,26.6,204.0,77.2,81.94,21.1,227.0,84.2,87.37,24.6,250.0,91.2,92.8,28.1,123.0,55.2,63.48,22.6,146.0,62.2,68.91,26.1,169.0,69.2,74.34,apple_069.jpg,blueberry_069.jpg,cherry_069.jpg,corn_069.jpg,gatekeeper_069.jpg,grape_069.jpg,orange_069.jpg,peach_069.jpg,pepper_069.jpg,potato_069.jpg,raspberry_069.jpg,soybean_069.jpg,strawberry_069.jpg,tomato_069.jpg,7.18
2026-06-14,22.0,240.0,91.0,91.15,25.5,113.0,55.0,61.83,20.0,136.0,62.0,67.26,23.5,159.0,69.0,72.69,27.0,182.0,76.0,78.12,21.5,205.0,83.0,83.55,25.0,228.0,90.0,88.98,28.5,251.0,54.0,83.66,23.0,124.0,61.0,65.09,26.5,147.0,68.0,70.52,30.0,170.0,75.0,75.95,24.5,193.0,82.0,81.38,apple_070.jpg,blueberry_070.jpg,cherry_070.jpg,corn_070.jpg,gatekeeper_070.jpg,grape_070.jpg,orange_070.jpg,peach_070.jpg,pepper_070.jpg,potato_070.jpg,raspberry_070.jpg,soybean_070.jpg,strawberry_070.jpg,tomato_070.jpg,7.4
2026-06-15,20.4,264.0,60.8,87.44,23.9,137.0,67.8,68.87,27.4,160.0,74.8,74.3,21.9,183.0,81.8,79.73,25.4,206.0,88.8,85.16,28.9,229.0,95.8,90.59,23.4,252.0,59.8,85.27,26.9,125.0,66.8,66.7,30.4,148.0,73.8,72.13,24.9,171.0,80.8,77.56,28.4,194.0,87.8,82.99,31.9,217.0,94.8,88.42,apple_071.jpg,blueberry_071.jpg,cherry_071.jpg,corn_071.jpg,gatekeeper_071.jpg,grape_071.jpg,orange_071.jpg,peach_071.jpg,pepper_071.jpg,potato_071.jpg,raspberry_071.jpg,soybean_071.jpg,strawberry_071.jpg,tomato_071.jpg,7.54
2026-06-16,18.8,138.0,73.6,70.48,22.3,161.0,80.6,75.91,25.8,184.0,87.6,81.34,20.3,207.0,94.6,86.77,23.8,230.0,58.6,81.45,27.3,253.0,65.6,86.88,21.8,126.0,72.6,68.31,25.3,149.0,79.6,73.74,28.8,172.0,86.6,79.17,23.3,195.0,93.6,84.6,26.8,218.0,57.6,79.28,30.3,241.0,64.6,84.71,apple_072.jpg,blueberry_072.jpg,cherry_072.jpg,corn_072.jpg,gatekeeper_072.jpg,grape_072.jpg,orange_072.jpg,peach_072.jpg,pepper_072.jpg,potato_072.jpg,raspberry_072.jpg,soybean_072.jpg,strawberry_072.jpg,tomato_072.jpg,7.27
2026-07-17,26.2,162.0,86.4,77.52,20.7,185.0,93.4,82.95,24.2,208.0,57.4,77.63,27.7,231.0,64.4,83.06,22.2,254.0,71.4,88.49,25.7,127.0,78.4,69.92,29.2,150.0,85.4,75.35,23.7,173.0,92.4,80.78,27.2,196.0,99.4,86.21,30.7,219.0,63.4,80.89,25.2,242.0,70.4,86.32,28.7,265.0,77.4,91.75,apple_073.jpg,blueberry_073.jpg,cherry_073.jpg,corn_073.jpg,gatekeeper_073.jpg,grape_073.jpg,orange_073.jpg,peach_073.jpg,pepper_073.jpg,potato_073.jpg,raspberry_073.jpg,soybean_073.jpg,strawberry_073.jpg,tomato_073.jpg,7.37
2026-07-18,24.6,186.0,99.2,84.56,28.1,209.0,63.2,79.24,22.6,232.0,70.2,84.67,26.1,255.0,77.2,90.1,29.6,278.0,84.2,95.53,24.1,151.0,91.2,76.96,27.6,174.0,98.2,82.39,31.1,197.0,62.2,77.07,25.6,220.0,69.2,82.5,29.1,243.0,76.2,87.93,32.6,266.0,83.2,93.36,27.1,139.0,90.2,74.79,apple_074.jpg,blueberry_074.jpg,cherry_074.jpg,corn_074.jpg,gatekeeper_074.jpg,grape_074.jpg,orange_074.jpg,peach_074.jpg,pepper_074.jpg,potato_074.jpg,raspberry_074.jpg,soybean_074.jpg,strawberry_074.jpg,tomato_074.jpg,7.38
2026-07-19,23.0,210.0,69.0,80.85,26.5,233.0,76.0,86.28,21.0,256.0,83.0,91.71,24.5,279.0,90.0,97.14,28.0,152.0,97.0,78.57,22.5,175.0,61.0,73.25,26.0,198.0,68.0,78.68,29.5,221.0,75.0,84.11,24.0,244.0,82.0,89.54,27.5,267.0,89.0,94.97,31.0,140.0,96.0,76.4,25.5,163.0,103.0,81.83,apple_075.jpg,blueberry_075.jpg,cherry_075.jpg,corn_075.jpg,gatekeeper_075.jpg,grape_075.jpg,orange_075.jpg,peach_075.jpg,pepper_075.jpg,potato_075.jpg,raspberry_075.jpg,soybean_075.jpg,strawberry_075.jpg,tomato_075.jpg,7.25
2026-07-20,21.4,234.0,81.8,87.89,24.9,257.0,88.8,93.32,28.4,280.0,95.8,98.75,22.9,153.0,102.8,80.18,26.4,176.0,66.8,74.86,29.9,199.0,73.8,80.29,24.4,222.0,80.8,85.72,27.9,245.0,87.8,91.15,31.4,268.0,94.8,96.58,25.9,141.0,101.8,78.01,29.4,164.0,65.8,72.69,32.9,187.0,72.8,78.12,apple_076.jpg,blueberry_076.jpg,cherry_076.jpg,corn_076.jpg,gatekeeper_076.jpg,grape_076.jpg,orange_076.jpg,peach_076.jpg,pepper_076.jpg,potato_076.jpg,raspberry_076.jpg,soybean_076.jpg,strawberry_076.jpg,tomato_076.jpg,7.39
2026-07-21,28.8,258.0,94.6,94.93,23.3,281.0,101.6,100.0,26.8,154.0,65.6,71.04,30.3,177.0,72.6,76.47,24.8,200.0,79.6,81.9,28.3,223.0,86.6,87.33,31.8,246.0,93.6,92.76,26.3,269.0,100.6,98.19,29.8,292.0,64.6,92.87,33.3,165.0,71.6,74.3,27.8,188.0,78.6,79.73,31.3,211.0,85.6,85.16,apple_077.jpg,blueberry_077.jpg,cherry_077.jpg,corn_077.jpg,gatekeeper_077.jpg,grape_077.jpg,orange_077.jpg,peach_077.jpg,pepper_077.jpg,potato_077.jpg,raspberry_077.jpg,soybean_077.jpg,strawberry_077.jpg,tomato_077.jpg,7.07
2026-07-22,27.2,282.0,107.4,100.0,21.7,155.0,71.4,72.65,25.2,178.0,78.4,78.08,28.7,201.0,85.4,83.51,23.2,224.0,92.4,88.94,26.7,247.0,99.4,94.37,30.2,270.0,106.4,99.8,24.7,293.0,70.4,94.48,28.2,166.0,77.4,75.91,31.7,189.0,84.4,81.34,26.2,212.0,91.4,86.77,29.7,235.0,98.4,92.2,apple_078.jpg,blueberry_078.jpg,cherry_078.jpg,corn_078.jpg,gatekeeper_078.jpg,grape_078.jpg,orange_078.jpg,peach_078.jpg,pepper_078.jpg,potato_078.jpg,raspberry_078.jpg,soybean_078.jpg,strawberry_078.jpg,tomato_078.jpg,7.2
2026-07-23,25.6,156.0,77.2,74.26,29.1,179.0,84.2,79.69,23.6,202.0,91.2,85.12,27.1,225.0,98.2,90.55,30.6,248.0,105.2,95.98,25.1,271.0,69.2,90.66,28.6,294.0,76.2,96.09,32.1,167.0,83.2,77.52,26.6,190.0,90.2,82.95,30.1,213.0,97.2,88.38,33.6,236.0,104.2,93.81,28.1,259.0,68.2,88.49,apple_079.jpg,blueberry_079.jpg,cherry_079.jpg,corn_079.jpg,gatekeeper_079.jpg,grape_079.jpg,orange_079.jpg,peach_079.jpg,pepper_079.jpg,potato_079.jpg,raspberry_079.jpg,soybean_079.jpg,strawberry_079.jpg,tomato_079.jpg,7.08
2026-07-24,16.0,80.0,54.0,56.3,19.5,103.0,61.0,61.73,23.0,126.0,68.0,67.16,17.5,149.0,75.0,72.59,21.0,172.0,39.0,67.27,24.5,195.0,46.0,72.7,19.0,68.0,53.0,54.13,22.5,91.0,60.0,59.56,26.0,114.0,67.0,64.99,20.5,137.0,74.0,70.42,24.0,160.0,38.0,65.1,27.5,183.0,45.0,70.53,apple_080.jpg,blueberry_080.jpg,cherry_080.jpg,corn_080.jpg,gatekeeper_080.jpg,grape_080.jpg,orange_080.jpg,peach_080.jpg,pepper_080.jpg,potato_080.jpg,raspberry_080.jpg,soybean_080.jpg,strawberry_080.jpg,tomato_080.jpg,6.16
2026-07-25,14.4,104.0,66.8,63.34,17.9,127.0,73.8,68.77,21.4,150.0,37.8,63.45,15.9,173.0,44.8,68.88,19.4,196.0,51.8,74.31,22.9,69.0,58.8,55.74,17.4,92.0,65.8,61.17,20.9,115.0,72.8,66.6,24.4,138.0,36.8,61.28,18.9,161.0,43.8,66.71,22.4,184.0,50.8,72.14,25.9,207.0,57.8,77.57,apple_081.jpg,blueberry_081.jpg,cherry_081.jpg,corn_081.jpg,gatekeeper_081.jpg,grape_081.jpg,orange_081.jpg,peach_081.jpg,pepper_081.jpg,potato_081.jpg,raspberry_081.jpg,soybean_081.jpg,strawberry_081.jpg,tomato_081.jpg,6.05
2026-07-26,21.8,128.0,79.6,70.38,16.3,151.0,43.6,65.06,19.8,174.0,50.6,70.49,23.3,197.0,57.6,75.92,17.8,70.0,64.6,57.35,21.3,93.0,71.6,62.78,24.8,116.0,78.6,68.21,19.3,139.0,42.6,62.89,22.8,162.0,49.6,68.32,26.3,185.0,56.6,73.75,20.8,208.0,63.6,79.18,24.3,81.0,70.6,60.61,apple_082.jpg,blueberry_082.jpg,cherry_082.jpg,corn_082.jpg,gatekeeper_082.jpg,grape_082.jpg,orange_082.jpg,peach_082.jpg,pepper_082.jpg,potato_082.jpg,raspberry_082.jpg,soybean_082.jpg,strawberry_082.jpg,tomato_082.jpg,6.37
2026-07-27,20.2,152.0,49.4,66.67,23.7,175.0,56.4,72.1,18.2,198.0,63.4,77.53,21.7,221.0,70.4,82.96,25.2,94.0,77.4,64.39,19.7,117.0,41.4,59.07,23.2,140.0,48.4,64.5,26.7,163.0,55.4,69.93,21.2,186.0,62.4,75.36,24.7,209.0,69.4,80.79,28.2,82.0,76.4,62.22,22.7,105.0,40.4,56.9,apple_083.jpg,blueberry_083.jpg,cherry_083.jpg,corn_083.jpg,gatekeeper_083.jpg,grape_083.jpg,orange_083.jpg,peach_083.jpg,pepper_083.jpg,potato_083.jpg,raspberry_083.jpg,soybean_083.jpg,strawberry_083.jpg,tomato_083.jpg,6.55
2026-07-28,18.6,176.0,62.2,73.71,22.1,199.0,69.2,79.14,16.6,222.0,76.2,84.57,20.1,95.0,83.2,66.0,23.6,118.0,47.2,60.68,18.1,141.0,54.2,66.11,21.6,164.0,61.2,71.54,25.1,187.0,68.2,76.97,19.6,210.0,75.2,82.4,23.1,83.0,82.2,63.83,26.6,106.0,46.2,58.51,21.1,129.0,53.2,63.94,apple_084.jpg,blueberry_084.jpg,cherry_084.jpg,corn_084.jpg,gatekeeper_084.jpg,grape_084.jpg,orange_084.jpg,peach_084.jpg,pepper_084.jpg,potato_084.jpg,raspberry_084.jpg,soybean_084.jpg,strawberry_084.jpg,tomato_084.jpg,6.47
2026-08-01,17.0,200.0,75.0,80.75,20.5,223.0,82.0,86.18,24.0,96.0,46.0,56.86,18.5,119.0,53.0,62.29,22.0,142.0,60.0,67.72,25.5,165.0,67.0,73.15,20.0,188.0,74.0,78.58,23.5,211.0,81.0,84.01,27.0,234.0,45.0,78.69,21.5,107.0,52.0,60.12,25.0,130.0,59.0,65.55,28.5,153.0,66.0,70.98,apple_085.jpg,blueberry_085.jpg,cherry_085.jpg,corn_085.jpg,gatekeeper_085.jpg,grape_085.jpg,orange_085.jpg,peach_085.jpg,pepper_085.jpg,potato_085.jpg,raspberry_085.jpg,soybean_085.jpg,strawberry_085.jpg,tomato_085.jpg,6.76
2026-08-02,24.4,224.0,44.8,77.04,18.9,97.0,51.8,58.47,22.4,120.0,58.8,63.9,25.9,143.0,65.8,69.33,20.4,166.0,72.8,74.76,23.9,189.0,79.8,80.19,27.4,212.0,86.8,85.62,21.9,235.0,50.8,80.3,25.4,108.0,57.8,61.73,28.9,131.0,64.8,67.16,23.4,154.0,71.8,72.59,26.9,177.0,78.8,78.02,apple_086.jpg,blueberry_086.jpg,cherry_086.jpg,corn_086.jpg,gatekeeper_086.jpg,grape_086.jpg,orange_086.jpg,peach_086.jpg,pepper_086.jpg,potato_086.jpg,raspberry_086.jpg,soybean_086.jpg,strawberry_086.jpg,tomato_086.jpg,7.0
2026-08-03,22.8,98.0,57.6,60.08,17.3,121.0,64.6,65.51,20.8,144.0,71.6,70.94,24.3,167.0,78.6,76.37,18.8,190.0,85.6,81.8,22.3,213.0,49.6,76.48,25.8,236.0,56.6,81.91,20.3,109.0,63.6,63.34,23.8,132.0,70.6,68.77,27.3,155.0,77.6,74.2,21.8,178.0,84.6,79.63,25.3,201.0,48.6,74.31,apple_087.jpg,blueberry_087.jpg,cherry_087.jpg,corn_087.jpg,gatekeeper_087.jpg,grape_087.jpg,orange_087.jpg,peach_087.jpg,pepper_087.jpg,potato_087.jpg,raspberry_087.jpg,soybean_087.jpg,strawberry_087.jpg,tomato_087.jpg,6.84
2026-08-04,21.2,122.0,70.4,67.12,24.7,145.0,77.4,72.55,19.2,168.0,84.4,77.98,22.7,191.0,48.4,72.66,26.2,214.0,55.4,78.09,20.7,237.0,62.4,83.52,24.2,110.0,69.4,64.95,27.7,133.0,76.4,70.38,22.2,156.0,83.4,75.81,25.7,179.0,90.4,81.24,29.2,202.0,54.4,75.92,23.7,225.0,61.4,81.35,apple_088.jpg,blueberry_088.jpg,cherry_088.jpg,corn_088.jpg,gatekeeper_088.jpg,grape_088.jpg,orange_088.jpg,peach_088.jpg,pepper_088.jpg,potato_088.jpg,raspberry_088.jpg,soybean_088.jpg,strawberry_088.jpg,tomato_088.jpg,7.1
2026-08-05,19.6,146.0,83.2,74.16,23.1,169.0,90.2,79.59,26.6,192.0,54.2,74.27,21.1,215.0,61.2,79.7,24.6,238.0,68.2,85.13,28.1,111.0,75.2,66.56,22.6,134.0,82.2,71.99,26.1,157.0,89.2,77.42,29.6,180.0,53.2,72.1,24.1,203.0,60.2,77.53,27.6,226.0,67.2,82.96,31.1,249.0,74.2,88.39,apple_089.jpg,blueberry_089.jpg,cherry_089.jpg,corn_089.jpg,gatekeeper_089.jpg,grape_089.jpg,orange_089.jpg,peach_089.jpg,pepper_089.jpg,potato_089.jpg,raspberry_089.jpg,soybean_089.jpg,strawberry_089.jpg,tomato_089.jpg,7.47
2026-08-06,18.0,170.0,53.0,70.45,21.5,193.0,60.0,75.88,25.0,216.0,67.0,81.31,19.5,239.0,74.0,86.74,23.0,112.0,81.0,68.17,26.5,135.0,88.0,73.6,21.0,158.0,52.0,68.28,24.5,181.0,59.0,73.71,28.0,204.0,66.0,79.14,22.5,227.0,73.0,84.57,26.0,250.0,80.0,90.0,29.5,123.0,87.0,71.43,apple_090.jpg,blueberry_090.jpg,cherry_090.jpg,corn_090.jpg,gatekeeper_090.jpg,grape_090.jpg,orange_090.jpg,peach_090.jpg,pepper_090.jpg,potato_090.jpg,raspberry_090.jpg,soybean_090.jpg,strawberry_090.jpg,tomato_090.jpg,7.23
2026-08-07,25.4,194.0,65.8,77.49,19.9,217.0,72.8,82.92,23.4,240.0,79.8,88.35,26.9,263.0,86.8,93.78,21.4,136.0,93.8,75.21,24.9,159.0,57.8,69.89,28.4,182.0,64.8,75.32,22.9,205.0,71.8,80.75,26.4,228.0,78.8,86.18,29.9,251.0,85.8,91.61,24.4,124.0,92.8,73.04,27.9,147.0,56.8,67.72,apple_091.jpg,blueberry_091.jpg,cherry_091.jpg,corn_091.jpg,gatekeeper_091.jpg,grape_091.jpg,orange_091.jpg,peach_091.jpg,pepper_091.jpg,potato_091.jpg,raspberry_091.jpg,soybean_091.jpg,strawberry_091.jpg,tomato_091.jpg,7.37
2026-08-08,23.8,218.0,78.6,84.53,27.3,241.0,85.6,89.96,21.8,264.0,92.6,95.39,25.3,137.0,56.6,66.07,28.8,160.0,63.6,71.5,23.3,183.0,70.6,76.93,26.8,206.0,77.6,82.36,30.3,229.0,84.6,87.79,24.8,252.0,91.6,93.22,28.3,125.0,55.6,63.9,31.8,148.0,62.6,69.33,26.3,171.0,69.6,74.76,apple_092.jpg,blueberry_092.jpg,cherry_092.jpg,corn_092.jpg,gatekeeper_092.jpg,grape_092.jpg,orange_092.jpg,peach_092.jpg,pepper_092.jpg,potato_092.jpg,raspberry_092.jpg,soybean_092.jpg,strawberry_092.jpg,tomato_092.jpg,7.61
2026-08-09,22.2,242.0,91.4,91.57,25.7,265.0,98.4,97.0,20.2,138.0,62.4,67.68,23.7,161.0,69.4,73.11,27.2,184.0,76.4,78.54,21.7,207.0,83.4,83.97,25.2,230.0,90.4,89.4,28.7,253.0,97.4,94.83,23.2,126.0,61.4,65.51,26.7,149.0,68.4,70.94,30.2,172.0,75.4,76.37,24.7,195.0,82.4,81.8,apple_093.jpg,blueberry_093.jpg,cherry_093.jpg,corn_093.jpg,gatekeeper_093.jpg,grape_093.jpg,orange_093.jpg,peach_093.jpg,pepper_093.jpg,potato_093.jpg,raspberry_093.jpg,soybean_093.jpg,strawberry_093.jpg,tomato_093.jpg,7.33
2026-08-10,20.6,266.0,61.2,87.86,24.1,139.0,68.2,69.29,27.6,162.0,75.2,74.72,22.1,185.0,82.2,80.15,25.6,208.0,89.2,85.58,29.1,231.0,96.2,91.01,23.6,254.0,60.2,85.69,27.1,277.0,67.2,91.12,30.6,150.0,74.2,72.55,25.1,173.0,81.2,77.98,28.6,196.0,88.2,83.41,32.1,219.0,95.2,88.84,apple_094.jpg,blueberry_094.jpg,cherry_094.jpg,corn_094.jpg,gatekeeper_094.jpg,grape_094.jpg,orange_094.jpg,peach_094.jpg,pepper_094.jpg,potato_094.jpg,raspberry_094.jpg,soybean_094.jpg,strawberry_094.jpg,tomato_094.jpg,7.38
2026-08-11,28.0,140.0,74.0,70.9,22.5,163.0,81.0,76.33,26.0,186.0,88.0,81.76,29.5,209.0,95.0,87.19,24.0,232.0,102.0,92.62,27.5,255.0,66.0,87.3,31.0,278.0,73.0,92.73,25.5,151.0,80.0,74.16,29.0,174.0,87.0,79.59,32.5,197.0,94.0,85.02,27.0,220.0,101.0,90.45,30.5,243.0,65.0,85.13,apple_095.jpg,blueberry_095.jpg,cherry_095.jpg,corn_095.jpg,gatekeeper_095.jpg,grape_095.jpg,orange_095.jpg,peach_095.jpg,pepper_095.jpg,potato_095.jpg,raspberry_095.jpg,soybean_095.jpg,strawberry_095.jpg,tomato_095.jpg,7.3
2026-08-12,26.4,164.0,86.8,77.94,20.9,187.0,93.8,83.37,24.4,210.0,100.8,88.8,27.9,233.0,64.8,83.48,22.4,256.0,71.8,88.91,25.9,279.0,78.8,94.34,29.4,152.0,85.8,75.77,23.9,175.0,92.8,81.2,27.4,198.0,99.8,86.63,30.9,221.0,63.8,81.31,25.4,244.0,70.8,86.74,28.9,267.0,77.8,92.17,apple_096.jpg,blueberry_096.jpg,cherry_096.jpg,corn_096.jpg,gatekeeper_096.jpg,grape_096.jpg,orange_096.jpg,peach_096.jpg,pepper_096.jpg,potato_096.jpg,raspberry_096.jpg,soybean_096.jpg,strawberry_096.jpg,tomato_096.jpg,7.26
2026-09-13,24.8,188.0,99.6,84.98,28.3,211.0,106.6,90.41,22.8,234.0,70.6,85.09,26.3,257.0,77.6,90.52,29.8,280.0,84.6,95.95,24.3,153.0,91.6,77.38,27.8,176.0,98.6,82.81,31.3,199.0,105.6,88.24,25.8,222.0,69.6,82.92,29.3,245.0,76.6,88.35,32.8,268.0,83.6,93.78,27.3,291.0,90.6,99.21,apple_097.jpg,blueberry_097.jpg,cherry_097.jpg,corn_097.jpg,gatekeeper_097.jpg,grape_097.jpg,orange_097.jpg,peach_097.jpg,pepper_097.jpg,potato_097.jpg,raspberry_097.jpg,soybean_097.jpg,strawberry_097.jpg,tomato_097.jpg,7.16
2026-09-14,23.2,212.0,69.4,81.27,26.7,235.0,76.4,86.7,30.2,258.0,83.4,92.13,24.7,281.0,90.4,97.56,28.2,154.0,97.4,78.99,31.7,177.0,104.4,84.42,26.2,200.0,68.4,79.1,29.7,223.0,75.4,84.53,33.2,246.0,82.4,89.96,27.7,269.0,89.4,95.39,31.2,292.0,96.4,100.0,34.7,165.0,103.4,82.25,apple_098.jpg,blueberry_098.jpg,cherry_098.jpg,corn_098.jpg,gatekeeper_098.jpg,grape_098.jpg,orange_098.jpg,peach_098.jpg,pepper_098.jpg,potato_098.jpg,raspberry_098.jpg,soybean_098.jpg,strawberry_098.jpg,tomato_098.jpg,7.02
2026-09-15,21.6,236.0,82.2,88.31,25.1,259.0,89.2,93.74,28.6,282.0,96.2,99.17,23.1,155.0,103.2,80.6,26.6,178.0,110.2,86.03,30.1,201.0,74.2,80.71,24.6,224.0,81.2,86.14,28.1,247.0,88.2,91.57,31.6,270.0,95.2,97.0,26.1,293.0,102.2,100.0,29.6,166.0,109.2,83.86,33.1,189.0,73.2,78.54,apple_099.jpg,blueberry_099.jpg,cherry_099.jpg,corn_099.jpg,gatekeeper_099.jpg,grape_099.jpg,orange_099.jpg,peach_099.jpg,pepper_099.jpg,potato_099.jpg,raspberry_099.jpg,soybean_099.jpg,strawberry_099.jpg,tomato_099.jpg,7.06
2026-09-16,21.0,160.0,59.0,70.35,15.5,183.0,66.0,75.78,19.0,206.0,73.0,81.21,22.5,79.0,37.0,51.89,17.0,102.0,44.0,57.32,20.5,125.0,51.0,62.75,24.0,148.0,58.0,68.18,18.5,171.0,65.0,73.61,22.0,194.0,72.0,79.04,25.5,67.0,36.0,49.72,20.0,90.0,43.0,55.15,23.5,113.0,50.0,60.58,apple_100.jpg,blueberry_100.jpg,cherry_100.jpg,corn_100.jpg,gatekeeper_100.jpg,grape_100.jpg,orange_100.jpg,peach_100.jpg,pepper_100.jpg,potato_100.jpg,raspberry_100.jpg,soybean_100.jpg,strawberry_100.jpg,tomato_100.jpg,5.99
2026-09-17,19.4,184.0,71.8,77.39,22.9,207.0,35.8,72.07,17.4,80.0,42.8,53.5,20.9,103.0,49.8,58.93,24.4,126.0,56.8,64.36,18.9,149.0,63.8,69.79,22.4,172.0,70.8,75.22,25.9,195.0,77.8,80.65,20.4,68.0,41.8,51.33,23.9,91.0,48.8,56.76,27.4,114.0,55.8,62.19,21.9,137.0,62.8,67.62,apple_101.jpg,blueberry_101.jpg,cherry_101.jpg,corn_101.jpg,gatekeeper_101.jpg,grape_101.jpg,orange_101.jpg,peach_101.jpg,pepper_101.jpg,potato_101.jpg,raspberry_101.jpg,soybean_101.jpg,strawberry_101.jpg,tomato_101.jpg,6.23
2026-09-18,17.8,208.0,41.6,73.68,21.3,81.0,48.6,55.11,15.8,104.0,55.6,60.54,19.3,127.0,62.6,65.97,22.8,150.0,69.6,71.4,17.3,173.0,76.6,76.83,20.8,196.0,40.6,71.51,24.3,219.0,47.6,76.94,18.8,92.0,54.6,58.37,22.3,115.0,61.6,63.8,25.8,138.0,68.6,69.23,20.3,161.0,75.6,74.66,apple_102.jpg,blueberry_102.jpg,cherry_102.jpg,corn_102.jpg,gatekeeper_102.jpg,grape_102.jpg,orange_102.jpg,peach_102.jpg,pepper_102.jpg,potato_102.jpg,raspberry_102.jpg,soybean_102.jpg,strawberry_102.jpg,tomato_102.jpg,6.2
2026-09-19,16.2,82.0,54.4,56.72,19.7,105.0,61.4,62.15,23.2,128.0,68.4,67.58,17.7,151.0,75.4,73.01,21.2,174.0,39.4,67.69,24.7,197.0,46.4,73.12,19.2,220.0,53.4,78.55,22.7,93.0,60.4,59.98,26.2,116.0,67.4,65.41,20.7,139.0,74.4,70.84,24.2,162.0,81.4,76.27,27.7,185.0,45.4,70.95,apple_103.jpg,blueberry_103.jpg,cherry_103.jpg,corn_103.jpg,gatekeeper_103.jpg,grape_103.jpg,orange_103.jpg,peach_103.jpg,pepper_103.jpg,potato_103.jpg,raspberry_103.jpg,soybean_103.jpg,strawberry_103.jpg,tomato_103.jpg,6.44
2026-09-20,23.6,106.0,67.2,63.76,18.1,129.0,74.2,69.19,21.6,152.0,81.2,74.62,25.1,175.0,45.2,69.3,19.6,198.0,52.2,74.73,23.1,221.0,59.2,80.16,26.6,94.0,66.2,61.59,21.1,117.0,73.2,67.02,24.6,140.0,80.2,72.45,28.1,163.0,44.2,67.13,22.6,186.0,51.2,72.56,26.1,209.0,58.2,77.99,apple_104.jpg,blueberry_104.jpg,cherry_104.jpg,corn_104.jpg,gatekeeper_104.jpg,grape_104.jpg,orange_104.jpg,peach_104.jpg,pepper_104.jpg,potato_104.jpg,raspberry_104.jpg,soybean_104.jpg,strawberry_104.jpg,tomato_104.jpg,6.81
2026-09-21,22.0,130.0,80.0,70.8,16.5,153.0,44.0,65.48,20.0,176.0,51.0,70.91,23.5,199.0,58.0,76.34,18.0,222.0,65.0,81.77,21.5,95.0,72.0,63.2,25.0,118.0,79.0,68.63,19.5,141.0,43.0,63.31,23.0,164.0,50.0,68.74,26.5,187.0,57.0,74.17,21.0,210.0,64.0,79.6,24.5,233.0,71.0,85.03,apple_105.jpg,blueberry_105.jpg,cherry_105.jpg,corn_105.jpg,gatekeeper_105.jpg,grape_105.jpg,orange_105.jpg,peach_105.jpg,pepper_105.jpg,potato_105.jpg,raspberry_105.jpg,soybean_105.jpg,strawberry_105.jpg,tomato_105.jpg,6.59
2026-09-22,20.4,154.0,49.8,67.09,23.9,177.0,56.8,72.52,18.4,200.0,63.8,77.95,21.9,223.0,70.8,83.38,25.4,96.0,77.8,64.81,19.9,119.0,84.8,70.24,23.4,142.0,48.8,64.92,26.9,165.0,55.8,70.35,21.4,188.0,62.8,75.78,24.9,211.0,69.8,81.21,28.4,234.0,76.8,86.64,22.9,107.0,83.8,68.07,apple_106.jpg,blueberry_106.jpg,cherry_106.jpg,corn_106.jpg,gatekeeper_106.jpg,grape_106.jpg,orange_106.jpg,peach_106.jpg,pepper_106.jpg,potato_106.jpg,raspberry_106.jpg,soybean_106.jpg,strawberry_106.jpg,tomato_106.jpg,6.91
2026-09-23,18.8,178.0,62.6,74.13,22.3,201.0,69.6,79.56,25.8,224.0,76.6,84.99,20.3,97.0,83.6,66.42,23.8,120.0,47.6,61.1,27.3,143.0,54.6,66.53,21.8,166.0,61.6,71.96,25.3,189.0,68.6,77.39,28.8,212.0,75.6,82.82,23.3,235.0,82.6,88.25,26.8,108.0,46.6,58.93,30.3,131.0,53.6,64.36,apple_107.jpg,blueberry_107.jpg,cherry_107.jpg,corn_107.jpg,gatekeeper_107.jpg,grape_107.jpg,orange_107.jpg,peach_107.jpg,pepper_107.jpg,potato_107.jpg,raspberry_107.jpg,soybean_107.jpg,strawberry_107.jpg,tomato_107.jpg,7.07
2026-09-24,17.2,202.0,75.4,81.17,20.7,225.0,82.4,86.6,24.2,248.0,89.4,92.03,18.7,121.0,53.4,62.71,22.2,144.0,60.4,68.14,25.7,167.0,67.4,73.57,20.2,190.0,74.4,79.0,23.7,213.0,81.4,84.43,27.2,236.0,88.4,89.86,21.7,109.0,52.4,60.54,25.2,132.0,59.4,65.97,28.7,155.0,66.4,71.4,apple_108.jpg,blueberry_108.jpg,cherry_108.jpg,corn_108.jpg,gatekeeper_108.jpg,grape_108.jpg,orange_108.jpg,peach_108.jpg,pepper_108.jpg,potato_108.jpg,raspberry_108.jpg,soybean_108.jpg,strawberry_108.jpg,tomato_108.jpg,7.12
2026-10-25,24.6,226.0,88.2,88.21,19.1,249.0,52.2,82.89,22.6,122.0,59.2,64.32,26.1,145.0,66.2,69.75,20.6,168.0,73.2,75.18,24.1,191.0,80.2,80.61,27.6,214.0,87.2,86.04,22.1,237.0,51.2,80.72,25.6,110.0,58.2,62.15,29.1,133.0,65.2,67.58,23.6,156.0,72.2,73.01,27.1,179.0,79.2,78.44,apple_109.jpg,blueberry_109.jpg,cherry_109.jpg,corn_109.jpg,gatekeeper_109.jpg,grape_109.jpg,orange_109.jpg,peach_109.jpg,pepper_109.jpg,potato_109.jpg,raspberry_109.jpg,soybean_109.jpg,strawberry_109.jpg,tomato_109.jpg,7.28
2026-10-26,23.0,250.0,58.0,84.5,26.5,123.0,65.0,65.93,21.0,146.0,72.0,71.36,24.5,169.0,79.0,76.79,28.0,192.0,86.0,82.22,22.5,215.0,93.0,87.65,26.0,238.0,57.0,82.33,29.5,111.0,64.0,63.76,24.0,134.0,71.0,69.19,27.5,157.0,78.0,74.62,31.0,180.0,85.0,80.05,25.5,203.0,92.0,85.48,apple_110.jpg,blueberry_110.jpg,cherry_110.jpg,corn_110.jpg,gatekeeper_110.jpg,grape_110.jpg,orange_110.jpg,peach_110.jpg,pepper_110.jpg,potato_110.jpg,raspberry_110.jpg,soybean_110.jpg,strawberry_110.jpg,tomato_110.jpg,7.38
2026-10-27,21.4,124.0,70.8,67.54,24.9,147.0,77.8,72.97,19.4,170.0,84.8,78.4,22.9,193.0,91.8,83.83,26.4,216.0,55.8,78.51,20.9,239.0,62.8,83.94,24.4,262.0,69.8,89.37,27.9,135.0,76.8,70.8,22.4,158.0,83.8,76.23,25.9,181.0,90.8,81.66,29.4,204.0,54.8,76.34,23.9,227.0,61.8,81.77,apple_111.jpg,blueberry_111.jpg,cherry_111.jpg,corn_111.jpg,gatekeeper_111.jpg,grape_111.jpg,orange_111.jpg,peach_111.jpg,pepper_111.jpg,potato_111.jpg,raspberry_111.jpg,soybean_111.jpg,strawberry_111.jpg,tomato_111.jpg,7.28
2026-10-28,19.8,148.0,83.6,74.58,23.3,171.0,90.6,80.01,26.8,194.0,97.6,85.44,21.3,217.0,61.6,80.12,24.8,240.0,68.6,85.55,28.3,263.0,75.6,90.98,22.8,136.0,82.6,72.41,26.3,159.0,89.6,77.84,29.8,182.0,96.6,83.27,24.3,205.0,60.6,77.95,27.8,228.0,67.6,83.38,31.3,251.0,74.6,88.81,apple_112.jpg,blueberry_112.jpg,cherry_112.jpg,corn_112.jpg,gatekeeper_112.jpg,grape_112.jpg,orange_112.jpg,peach_112.jpg,pepper_112.jpg,potato_112.jpg,raspberry_112.jpg,soybean_112.jpg,strawberry_112.jpg,tomato_112.jpg,7.32
2026-10-01,27.2,172.0,96.4,81.62,21.7,195.0,60.4,76.3,25.2,218.0,67.4,81.73,28.7,241.0,74.4,87.16,23.2,264.0,81.4,92.59,26.7,137.0,88.4,74.02,30.2,160.0,95.4,79.45,24.7,183.0,59.4,74.13,28.2,206.0,66.4,79.56,31.7,229.0,73.4,84.99,26.2,252.0,80.4,90.42,29.7,125.0,87.4,71.85,apple_113.jpg,blueberry_113.jpg,cherry_113.jpg,corn_113.jpg,gatekeeper_113.jpg,grape_113.jpg,orange_113.jpg,peach_113.jpg,pepper_113.jpg,potato_113.jpg,raspberry_113.jpg,soybean_113.jpg,strawberry_113.jpg,tomato_113.jpg,7.56
2026-10-02,25.6,196.0,66.2,77.91,20.1,219.0,73.2,83.34,23.6,242.0,80.2,88.77,27.1,265.0,87.2,94.2,21.6,138.0,94.2,75.63,25.1,161.0,101.2,81.06,28.6,184.0,65.2,75.74,23.1,207.0,72.2,81.17,26.6,230.0,79.2,86.6,30.1,253.0,86.2,92.03,24.6,276.0,93.2,97.46,28.1,149.0,100.2,78.89,apple_114.jpg,blueberry_114.jpg,cherry_114.jpg,corn_114.jpg,gatekeeper_114.jpg,grape_114.jpg,orange_114.jpg,peach_114.jpg,pepper_114.jpg,potato_114.jpg,raspberry_114.jpg,soybean_114.jpg,strawberry_114.jpg,tomato_114.jpg,7.2
2026-10-03,24.0,220.0,79.0,84.95,27.5,243.0,86.0,90.38,22.0,266.0,93.0,95.81,25.5,139.0,100.0,77.24,29.0,162.0,64.0,71.92,23.5,185.0,71.0,77.35,27.0,208.0,78.0,82.78,30.5,231.0,85.0,88.21,25.0,254.0,92.0,93.64,28.5,277.0,99.0,99.07,32.0,150.0,63.0,69.75,26.5,173.0,70.0,75.18,apple_115.jpg,blueberry_115.jpg,cherry_115.jpg,corn_115.jpg,gatekeeper_115.jpg,grape_115.jpg,orange_115.jpg,peach_115.jpg,pepper_115.jpg,potato_115.jpg,raspberry_115.jpg,soybean_115.jpg,strawberry_115.jpg,tomato_115.jpg,7.44
2026-10-04,22.4,244.0,91.8,91.99,25.9,267.0,98.8,97.42,29.4,140.0,62.8,68.1,23.9,163.0,69.8,73.53,27.4,186.0,76.8,78.96,30.9,209.0,83.8,84.39,25.4,232.0,90.8,89.82,28.9,255.0,97.8,95.25,32.4,278.0,104.8,100.0,26.9,151.0,68.8,71.36,30.4,174.0,75.8,76.79,33.9,197.0,82.8,82.22,apple_116.jpg,blueberry_116.jpg,cherry_116.jpg,corn_116.jpg,gatekeeper_116.jpg,grape_116.jpg,orange_116.jpg,peach_116.jpg,pepper_116.jpg,potato_116.jpg,raspberry_116.jpg,soybean_116.jpg,strawberry_116.jpg,tomato_116.jpg,7.2
2026-10-05,20.8,268.0,104.6,99.03,24.3,291.0,68.6,93.71,27.8,164.0,75.6,75.14,22.3,187.0,82.6,80.57,25.8,210.0,89.6,86.0,29.3,233.0,96.6,91.43,23.8,256.0,103.6,96.86,27.3,279.0,67.6,91.54,30.8,152.0,74.6,72.97,25.3,175.0,81.6,78.4,28.8,198.0,88.6,83.83,32.3,221.0,95.6,89.26,apple_117.jpg,blueberry_117.jpg,cherry_117.jpg,corn_117.jpg,gatekeeper_117.jpg,grape_117.jpg,orange_117.jpg,peach_117.jpg,pepper_117.jpg,potato_117.jpg,raspberry_117.jpg,soybean_117.jpg,strawberry_117.jpg,tomato_117.jpg,7.21
2026-10-06,28.2,292.0,74.4,95.32,22.7,165.0,81.4,76.75,26.2,188.0,88.4,82.18,29.7,211.0,95.4,87.61,24.2,234.0,102.4,93.04,27.7,257.0,66.4,87.72,31.2,280.0,73.4,93.15,25.7,153.0,80.4,74.58,29.2,176.0,87.4,80.01,32.7,199.0,94.4,85.44,27.2,222.0,101.4,90.87,30.7,245.0,108.4,96.3,apple_118.jpg,blueberry_118.jpg,cherry_118.jpg,corn_118.jpg,gatekeeper_118.jpg,grape_118.jpg,orange_118.jpg,peach_118.jpg,pepper_118.jpg,potato_118.jpg,raspberry_118.jpg,soybean_118.jpg,strawberry_118.jpg,tomato_118.jpg,7.14
2026-10-07,26.6,166.0,87.2,78.36,30.1,189.0,94.2,83.79,24.6,212.0,101.2,89.22,28.1,235.0,108.2,94.65,31.6,258.0,72.2,89.33,26.1,281.0,79.2,94.76,29.6,304.0,86.2,100.0,33.1,177.0,93.2,81.62,27.6,200.0,100.2,87.05,31.1,223.0,107.2,92.48,34.6,246.0,71.2,87.16,29.1,269.0,78.2,92.59,apple_119.jpg,blueberry_119.jpg,cherry_119.jpg,corn_119.jpg,gatekeeper_119.jpg,grape_119.jpg,orange_119.jpg,peach_119.jpg,pepper_119.jpg,potato_119.jpg,raspberry_119.jpg,soybean_119.jpg,strawberry_119.jpg,tomato_119.jpg,6.87
2026-10-08,17.0,90.0,64.0,60.4,20.5,113.0,71.0,65.83,15.0,136.0,35.0,60.51,18.5,159.0,42.0,65.94,22.0,182.0,49.0,71.37,16.5,205.0,56.0,76.8,20.0,78.0,63.0,58.23,23.5,101.0,70.0,63.66,18.0,124.0,34.0,58.34,21.5,147.0,41.0,63.77,25.0,170.0,48.0,69.2,19.5,193.0,55.0,74.63,apple_120.jpg,blueberry_120.jpg,cherry_120.jpg,corn_120.jpg,gatekeeper_120.jpg,grape_120.jpg,orange_120.jpg,peach_120.jpg,pepper_120.jpg,potato_120.jpg,raspberry_120.jpg,soybean_120.jpg,strawberry_120.jpg,tomato_120.jpg,5.93
